<?xml version="1.0" encoding="UTF-8"?>
<project-private xmlns="http://www.netbeans.org/ns/project-private/1">
    <editor-bookmarks xmlns="http://www.netbeans.org/ns/editor-bookmarks/2" lastBookmarkId="0"/>
    <open-files xmlns="http://www.netbeans.org/ns/projectui-open-files/2">
        <group>
            <file>file:/home/ccslearner/NetBeansProjects/Case02DBApp/web/addCollateral.jsp</file>
            <file>file:/home/ccslearner/NetBeansProjects/Case02DBApp/web/listCollaterals.jsp</file>
            <file>file:/home/ccslearner/NetBeansProjects/Case02DBApp/web/searchCollateral.jsp</file>
            <file>file:/home/ccslearner/NetBeansProjects/Case02DBApp/web/add_collateral_processing.jsp</file>
            <file>file:/home/ccslearner/NetBeansProjects/Case02DBApp/src/java/collateralsmgt/collaterals.java</file>
            <file>file:/home/ccslearner/NetBeansProjects/Case02DBApp/web/find_collateral_processing.jsp</file>
        </group>
    </open-files>
</project-private>
